<?xml version="1.0" encoding="UTF-8"?>
<beans xmlns="http://www.springframework.org/schema/beans"
	xmlns:xsi="http://www.w3.org/2001/XMLSchema-instance"
	xmlns:context="http://www.springframework.org/schema/context"
	xsi:schemaLocation="http://www.springframework.org/schema/beans https://www.springframework.org/schema/beans/spring-beans.xsd
		http://www.springframework.org/schema/context http://www.springframework.org/schema/context/spring-context-3.1.xsd">
	<!-- Namespaces 에서 context 추가 -->

	<context:property-placeholder
		location="classpath:META-INF/property/db.properties" />

	<!-- dataSource빈 -->  <!-- ↓ class는 컨트롤러에서 DriverManagerDataSource 복붙해서 임포트하면 풀네임 나옴. -->
	<bean id="dataSource"
		class="org.springframework.jdbc.datasource.DriverManagerDataSource">
		<property name="driverClassName" value="${db.driverClassName}" />
		<property name="url" value="${db.url}" />
		<property name="username" value="${db.username}" />
		<property name="password" value="${db.password}" />
	</bean>

	<!-- sqlSessionfactory빈 : dto -> mybatis-config.xml -> Emp.xml, Dept.xml -> mybatis-config.xml(점검) -->
	<bean id="sqlSessionFactory"
		class="org.mybatis.spring.SqlSessionFactoryBean">
		<property name="dataSource" ref="dataSource" />
		<property name="configLocation"
			value="classpath:META-INF/sqlmap/config/mybatis-config.xml" />
	</bean>

	<!-- sqlSessionTemplate빈 -->
	<bean id="sessionTemplate"
		class="org.mybatis.spring.SqlSessionTemplate">
		<constructor-arg index="0" ref="sqlSessionFactory" />
	</bean>
</beans>
