<?xml version="1.0" encoding="UTF-8"?>
<!DOCTYPE configuration
    PUBLIC "-//mybatis.org//DTD config 3.0//EN"
    "https://mybatis.org/dtd/mybatis-3-config.dtd">
<configuration>
	<typeAliases>	<!-- 엘리야스를 지정 해놔서 xml파일에서 편하게 사용 -->
		<typeAlias type="com.lec.ch15.model.Dept" alias="Dept" />
		<typeAlias type="com.lec.ch15.model.Emp" alias="Emp" />
	</typeAliases>
	<mappers>
		<mapper resource="META-INF/sqlmap/mappers/Dept.xml" />
		<mapper resource="META-INF/sqlmap/mappers/Emp.xml" />
	</mappers>
</configuration>